"Municipio","Departamento","Matemática","Lenguaje","Evaluados"
"San Jose De Miranda","Santander",56.74,47.47,19
"Paicol","Huila",54.9,47.92,49
"Arcabuco","Boyacá",52.8,46.48,46
"Mutiscua","Norte Santander",52.26,47.3,23
"Paramo","Santander",52.2262264150943,48.3584905660377,53
"Turmeque","Boyacá",52.2037142857143,45.47,140
"Enciso","Santander",52.1814285714286,46.5871428571429,49
"Malaga","Santander",52.0694459833795,48.4258171745152,361
"San Gil","Santander",51.6875176304655,49.4312129760226,709
"Charala","Santander",51.4131390134529,50.3775784753363,223
"Paipa","Boyacá",51.1670481927711,48.8167168674699,332
"Cacota","Norte Santander",51.13,51.88,16
"Envigado","Antioquia",51.1243425925926,51.1873240740741,1080
"Paez","Boyacá",50.64,50.08,25
"Pinchote","Santander",50.5991428571429,49.1691428571429,70
"Chipata","Santander",50.59,51.09,22
"Charta","Santander",50.58,41.79,19
"San Juanito","Meta",50.5,42.5,8
"Bucaramanga","Santander",50.459162335066,49.3562514994002,5002
"Macaravita","Santander",50.38,47.57,21
"Sogamoso","Boyacá",50.3647111777945,48.7317629407352,1333
"La Ceja","Antioquia",50.3385648148148,49.919375,432
"Sora","Boyacá",50.25,46.56,32
"Surata","Santander",50.2135135135135,44.1081081081081,37
"Duitama","Boyacá",50.2092846715328,48.5397226277372,1370
"Bolívar","Antioquia",50.18,45.15,40
"San Luis De Palenque","Casanare",50.17,44.67,52
"Girón","Santander",50.0581355932203,47.4733050847458,236
"Consaca","Nariño",50.0571590909091,47.9638636363636,88
"Tunja","Boyacá",50.0552345679012,49.393524691358,1620
"Barichara","Santander",50.0136363636364,47.5145454545455,88
"Sacama","Casanare",49.83,49.71,24
"Capitanejo","Santander",49.8,43.19,84
"Los Patios","Norte Santander",49.789430740038,46.2777229601518,527
"Guachucal","Nariño",49.69,47.9930882352941,204
"San Miguel","Santander",49.69,45.33,39
"Itagüí","Antioquia",49.6721414141414,51.9030505050505,495
"San Agustín","Huila",49.67,49.75,64
"Sopo","Cundinamarca",49.6338926174497,50.4076174496644,298
"Floridablanca","Santander",49.6280040837162,47.9974680959673,1959
"Tibana","Boyacá",49.6032653061224,46.2344897959184,98
"Guapota","Santander",49.5018181818182,44.6327272727273,22
"Entrerrios","Antioquia",49.47,51.19,68
"Carcasi","Santander",49.452,46.85,20
"Chia","Cundinamarca",49.4451926040062,48.9152080123267,649
"Zipaquira","Cundinamarca",49.4299005524862,47.759955801105,905
"Lebrija","Santander",49.4215277777778,48.654375,288
"Tasco","Boyacá",49.4115151515151,47.4515151515151,66
"Garzón","Huila",49.3832515337423,46.9984049079755,163
"Ubate","Cundinamarca",49.321412037037,46.7621759259259,432
"Chinacota","Norte Santander",49.3052849740933,47.2836269430052,193
"Aguada","Santander",49.3,48,23
"Bojacá","Cundinamarca",49.2710169491525,50.1872881355932,59
"Ocaña","Norte Santander",49.2709229208925,47.0998174442191,986
"Colon (Genova)","Nariño",49.2576470588235,46.6474509803922,51
"Pamplonita","Norte Santander",49.2430769230769,44.2915384615385,78
"Nocaima","Cundinamarca",49.2066336633663,48.3446534653465,101
"Nuevo Colon","Boyacá",49.2028985507246,44.4208695652174,69
"Villanueva","Santander",49.194649122807,47.0343859649123,114
"Chinavita","Boyacá",49.1313043478261,44.544347826087,46
"Sutamarchan","Boyacá",49.1206060606061,43.2566666666667,66
"San Alberto","Cesar",49.1194797687861,46.6751445086705,173
"Velez","Santander",49.1078048780488,47.0539430894309,246
"San Francisco","Antioquia",49.1,47.2,20
"Pamplona","Norte Santander",49.0628760330579,47.7272727272727,605
"Cartagena Del Chaira","Caquetá",48.9916666666667,45.5986274509804,102
"Sotaquira","Boyacá",48.9575,45.815,88
"Gama","Cundinamarca",48.95,43.67,21
"Tibasosa","Boyacá",48.9380924855491,48.2452023121387,173
"Aldana","Nariño",48.872427184466,45.9236893203884,103
"San Jose De La Montaña","Antioquia",48.86,48.46,28
"Villahermosa","Tolima",48.857,48.359,50
"Hispania","Antioquia",48.79,48.37,19
"Ancuya","Nariño",48.7588607594937,53.8107594936709,79
"La Capilla","Boyacá",48.74,42.04,27
"Guacamayas","Boyacá",48.73,47.8,15
"Boyaca","Boyacá",48.7142857142857,44.2837142857143,35
"La Florida","Nariño",48.7024358974359,45.0766666666667,78
"Villa De Leyva","Boyacá",48.6810429447853,46.0366257668712,163
"Ocamonte","Santander",48.66,43.499375,32
"La Mesa","Cundinamarca",48.6249152542373,48.5406779661017,236
"Panqueba","Boyacá",48.6241509433962,43.8892452830189,53
"Floresta","Boyacá",48.62,44.77,52
"Labranzagrande","Boyacá",48.53,47.56,34
"Neira","Caldas",48.4984878048781,48.8873658536585,205
"Mariquita","Tolima",48.4680585106383,47.9107180851064,376
"Puente Nacional","Santander",48.4411666666667,46.9264333333333,300
"Santacruz (Guachaves)","Nariño",48.4165454545454,46.9114545454545,55
"Labateca","Norte Santander",48.4,45.37,52
"Concepcion","Santander",48.3931818181818,46.2313636363636,66
"Cucaita","Boyacá",48.3248275862069,46.7103448275862,58
"Ramiriqui","Boyacá",48.3160431654676,45.2664028776978,139
"Guadalupe","Antioquia",48.27,48.36,33
"Vélez","Santander",48.27,42.68,22
"Campohermoso","Boyacá",48.2615789473684,44.2615789473684,38
"Ipiales","Nariño",48.2445194598888,48.5800794281175,1259
"Villavicencio","Meta",48.2418977914741,47.6662968669748,3894
"La Union","Antioquia",48.2404522613065,46.3989949748744,199
"Pasto","Nariño",48.2231044515566,48.3849985452429,3437
"Vetas","Santander",48.2,45.56,25
"Santa Rosa Del Sur","Bolívar",48.1962540716612,45.4400977198697,307
"Linares","Nariño",48.1876744186047,48.7209302325581,86
"Cachipay","Cundinamarca",48.1505,45.9235,80
"Retiro","Antioquia",48.150234375,49.593046875,128
"Palmira","Valle",48.1475048355899,48.7439613152805,2585
"Cerinza","Boyacá",48.1458333333333,44.6233333333333,48
"Chitaga","Norte Santander",48.13,47.52,75
"Tuquerres","Nariño",48.1056971153846,46.9163221153846,416
"Piedecuesta","Santander",48.0796831955923,46.2095730027548,1452
"Socorro","Santander",48.0403794642857,46.8422767857143,448
"Boavita","Boyacá",48.0397,43.88,100
"Simijaca","Cundinamarca",48.0231736526946,46.9788622754491,167
"Ricaurte","Nariño",48.0008695652174,47.0669565217391,46
"Sandona","Nariño",47.9940084388186,47.0223628691983,237
"Tenza","Boyacá",47.98,48.08,40
"Pupiales","Nariño",47.9638938053097,46.988407079646,226
"San Luis De Gaceno","Boyacá",47.9528048780488,45.2667073170732,82
"Guadalupe","Santander",47.9454166666667,45.1541666666667,96
"Carmen De Viboral","Antioquia",47.9349060150376,48.5373120300752,532
"Zapatoca","Santander",47.92,44.9233035714286,112
"Villamaria","Caldas",47.9191364421416,48.2734887737478,579
"Nataga","Huila",47.8893617021277,44.7882978723404,47
"Covarachia","Boyacá",47.8841860465116,43.0451162790698,43
"Inirida","Guainía",47.8700628930818,47.5607547169811,159
"Guaitarilla","Nariño",47.8618181818182,48.4517424242424,132
"Gomez Plata","Antioquia",47.860625,48.887875,80
"Sardinata","Norte Santander",47.8478787878788,44.7225454545455,165
"Tamesis","Antioquia",47.8446043165468,47.2369064748201,139
"Tipacoque","Boyacá",47.83,43.9,48
"California","Santander",47.8,43.7,20
"Paz De Rio","Boyacá",47.79,47.42,84
"Chiquinquirá","Boyacá",47.7807228915663,47.6121686746988,249
"Oiba","Santander",47.7773655913979,45.716935483871,186
"Abejorral","Antioquia",47.7259259259259,48.1037777777778,135
"Sapuyes","Nariño",47.7201886792453,48.6988679245283,53
"Granada","Antioquia",47.7132432432432,45.8216216216216,74
"La Belleza","Santander",47.7094545454546,48.7470909090909,55
"Facatativa","Cundinamarca",47.7082397572079,47.9636874051593,659
"Yopal","Casanare",47.7070295202952,47.2909286592866,1626
"Mani","Casanare",47.6953987730061,45.7479141104294,163
"Contadero","Nariño",47.6661538461538,47.9007692307692,39
"Tocancipa","Cundinamarca",47.6402762430939,47.8055248618784,362
"Líbano","Tolima",47.62625,47.0303125,64
"Lourdes","Norte Santander",47.6205263157895,45.4605263157895,76
"Giron","Santander",47.6085560859189,46.3025894988067,838
"Castilla La Nueva","Meta",47.5885925925926,45.4402962962963,135
"Rionegro","Antioquia",47.5787121212121,47.9589057239057,1188
"Santa Isabel","Tolima",47.57515625,45.57953125,64
"Chía","Cundinamarca",47.5737714285714,46.3937142857143,175
"Combita","Boyacá",47.5670114942529,44.3680459770115,87
"La Salina","Casanare",47.56,47.28,18
"Dos Quebradas","Risaralda",47.5526780821918,48.296102739726,1460
"Copacabana","Antioquia",47.5482039397451,47.6280996523754,863
"San Francisco","Putumayo",47.54,46.681,130
"Santa Rosa De Cabal","Risaralda",47.5337804878049,48.1781707317073,738
"Guarne","Antioquia",47.5337439613527,47.061690821256,414
"Neiva","Huila",47.5071807628524,46.4386235489221,3015
"Sabaneta","Antioquia",47.4814644351464,47.7742468619247,478
"Sibundoy","Putumayo",47.4633009708738,46.9877022653722,309
"Marinilla","Antioquia",47.4416309719934,47.8172817133443,607
"Guasca","Cundinamarca",47.4245895522388,45.2048134328358,268
"San Benito","Santander",47.42,46.21,24
"Herran","Norte Santander",47.41,48.24,17
"Choachi","Cundinamarca",47.4068888888889,44.0547407407407,135
"Guayabetal","Cundinamarca",47.4,46.85,52
"El Dovio","Valle",47.3783783783784,46.527027027027,74
"Colon","Putumayo",47.3577358490566,48.1703773584906,53
"Umbita","Boyacá",47.3499324324324,44.5518918918919,148
"Libano","Tolima",47.3261129568106,47.7248172757475,301
"La Calera","Cundinamarca",47.3209580838323,47.8820958083832,167
"Fusagasuga","Cundinamarca",47.3115663801337,47.4513658070678,1047
"Potosi","Nariño",47.3039130434783,46.6086956521739,92
"Berbeo","Boyacá",47.2608695652174,47.8269565217391,23
"Barbosa","Santander",47.2531578947368,45.9017543859649,285
"Jerico","Antioquia",47.2408588957055,47.1298159509202,163
"Altamira","Huila",47.24,47.58,38
"El Calvario","Meta",47.2378947368421,46.1594736842105,38
"Palermo","Huila",47.2046575342466,44.2495547945205,292
"Pachavita","Boyacá",47.18,43.59,17
"Cucutilla","Norte Santander",47.17625,44.388,80
"Bogotá D.C.","Bogotá",47.1760761598899,47.6451551298962,52311
"Cucuta","Norte Santander",47.1704926470588,45.5360343137255,4080
"Miraflores","Boyacá",47.1659793814433,47.269175257732,97
"Soata","Boyacá",47.1599004975124,44.2792537313433,201
"Armenia","Quindío",47.1422946084724,47.7182413350449,3116
"Guatape","Antioquia",47.13,48.28,94
"Manizales","Caldas",47.1280626989958,48.3697085476365,4083
"Popayan","Cauca",47.1218059614261,48.1439976621859,1711
"Montería","Cordoba",47.0454342431762,45.3244416873449,806
"Puerto Salgar","Cundinamarca",47.0044720496894,46.2488198757764,161
"Encino","Santander",47.0017647058824,41.0570588235294,17
"Andes","Antioquia",47.0003504672897,47.1434579439252,428
"San Eduardo","Boyacá",47,44.92,24
"Fusagasugá","Cundinamarca",46.9981623931624,47.9374358974359,234
"San Pedro","Antioquia",46.9818556701031,47.2783505154639,291
"Tutasa","Boyacá",46.9761363636364,42.2525,44
"Curillo","Caquetá",46.96,43.03,67
"Valle De San Jose","Santander",46.9559090909091,45.1804545454545,66
"Cogua","Cundinamarca",46.9421551724138,44.808275862069,232
"Sincelejo","Sucre",46.937512085079,45.1152465356107,3103
"Facatativá","Cundinamarca",46.9346893787575,47.810621242485,499
"Villagarzon","Putumayo",46.8829213483146,45.4790449438202,178
"Oporapa","Huila",46.8787671232877,41.9595890410959,73
"Nobsa","Boyacá",46.8680555555556,44.9220138888889,144
"Florencia","Caquetá",46.8659730113636,45.6619460227273,1408
"Rondon","Boyacá",46.85,43.88,34
"Valparaiso","Caquetá",46.8491489361702,43.3434042553191,47
"Yacuanquer","Nariño",46.8329411764706,44.8682352941176,119
"Puerres","Nariño",46.8089565217391,45.1106956521739,115
"Tangua","Nariño",46.8083673469388,45.815,98
"Cuitiva","Boyacá",46.8,46.09,35
"Ospina","Nariño",46.7941176470588,44.2052941176471,68
"Fuquene","Cundinamarca",46.7911881188119,45.1979207920792,101
"San Pablo","Nariño",46.7746575342466,46.8302054794521,146
"Pitalito","Huila",46.760476960388,46.3870250606306,1237
"Acacias","Meta",46.7461693121693,45.7060211640212,945
"Topaga","Boyacá",46.73,44.6836363636364,44
"Bituima","Cundinamarca",46.71,45.12,17
"Samaca","Boyacá",46.7000826446281,45.0397107438017,242
"Restrepo","Meta",46.6930044843049,45.1610313901345,223
"Choconta","Cundinamarca",46.6876585365854,44.7252195121951,205
"Bochalema","Norte Santander",46.6743902439024,44.2680487804878,82
"Soledad","Atlántico",46.6722754075616,45.3933749566424,2883
"Puerto Asis","Putumayo",46.6704523809524,44.9954523809524,420
"Villagomez","Cundinamarca",46.67,41.92,24
"Rio De Oro","Cesar",46.6446610169492,43.8592372881356,118
"Alban (San Jose)","Nariño",46.629801980198,45.1967326732673,101
"Santa Rosa De Osos","Antioquia",46.6233630952381,46.7975,336
"La Union","Sucre",46.62,50.2,106
"Gacheta","Cundinamarca",46.6158394160584,43.0023357664234,137
"Ibague","Tolima",46.6138027806385,46.9054428424305,3884
"Arbelaez","Cundinamarca",46.6088082901554,45.2082901554404,193
"El Peñol","Nariño",46.601,46.75,60
"Cúcuta","Norte Santander",46.599079218107,44.8847119341564,1944
"Girardota","Antioquia",46.5981165919283,46.8130044843049,446
"Roldanillo","Valle",46.5937704918033,47.3994379391101,427
"Bolivar","Santander",46.5861616161616,44.98,99
"San Jose Del Palmar","Choco",46.5844827586207,46.5524137931034,29
"Arauquita","Arauca",46.5759888579387,44.3119498607242,359
"Villanueva","Casanare",46.5686526946108,45.9269461077844,334
"Mocoa","Putumayo",46.5318926553672,46.3861723163842,708
"Sutatausa","Cundinamarca",46.53,44.78,49
"Zipaquirá","Cundinamarca",46.5244360902256,44.8992857142857,266
"Jardin","Antioquia",46.4879104477612,46.6914925373134,134
"El Playon","Santander",46.4865100671141,44.5124161073826,149
"La Virginia","Risaralda",46.4848587570621,46.3368926553672,354
"Santuario","Risaralda",46.4845901639344,46.5980327868852,122
"Paz De Ariporo","Casanare",46.4721319796954,43.5785025380711,394
"Garzon","Huila",46.4626094276094,44.7700673400673,594
"Jenesano","Boyacá",46.46,44.75,85
"Tulua","Valle",46.4495982860203,47.372249598286,1867
"El Carmen","Choco",46.4480263157895,45.843552631579,76
"Lenguazaque","Cundinamarca",46.4432142857143,42.6164285714286,84
"La Cruz","Nariño",46.4307392996109,44.251673151751,257
"Tausa","Cundinamarca",46.4303225806452,43.1635483870968,93
"Toledo","Antioquia",46.43,46.43,23
"Gramalote","Norte Santander",46.4282978723404,44.0208510638298,47
"Venadillo","Tolima",46.4051145038168,44.0993893129771,131
"Gonzalez","Cesar",46.4,43.79,42
"Cajica","Cundinamarca",46.3812869822485,46.3440976331361,676
"Cumaral","Meta",46.3703503184713,44.8347452229299,314
"Togui","Boyacá",46.3673076923077,43.095,52
"Guateque","Boyacá",46.3624083769633,45.0140837696335,191
"Popayán","Cauca",46.3570967741936,47.824331797235,651
"Peñol","Antioquia",46.3546534653465,47.6789108910891,202
"Garagoa","Boyacá",46.3443827160494,45.3990432098765,324
"San Martin","Meta",46.3309811320755,45.1115471698113,265
"Colon (Génova)","Nariño",46.31,44.28,29
"Medellin","Antioquia",46.2997723758804,47.5681824428792,11642
"Pore","Casanare",46.2933333333333,44.4441666666667,72
"Gigante","Huila",46.2737136465324,44.3197315436242,447
"Tauramena","Casanare",46.2718505338078,46.3706761565836,281
"Sesquile","Cundinamarca",46.2575609756098,43.9348170731707,164
"Cajamarca","Tolima",46.2514772727273,47.1594318181818,176
"Samaniego","Nariño",46.2153736654804,46.5444839857651,281
"San Bernardo","Nariño",46.2083333333333,43.3026666666667,90
"Chivor","Boyacá",46.2,46.09,45
"Salazar","Norte Santander",46.1807142857143,43.4725,84
"Rionegro","Santander",46.1515867158672,43.2850922509225,271
"Circasia","Quindío",46.0741926345609,46.8017563739377,353
"Gachancipa","Cundinamarca",46.0733980582524,45.613786407767,103
"Guayata","Boyacá",46.0577777777778,44.7207407407407,54
"Puerto Guzman","Putumayo",46.0346428571429,45.6702380952381,84
"Belen","Nariño",46.0342553191489,47.403829787234,94
"La Estrella","Antioquia",46.0271034482759,46.954275862069,435
"Mosquera","Cundinamarca",46.0234504391468,46.9682685069009,797
"El Tambo","Nariño",46.0204635761589,44.52,151
"Chivata","Boyacá",46,45.57,30
"Rondón","Boyacá",46,46.33,3
"Tena","Cundinamarca",46,44.98,105
"Fomeque","Cundinamarca",45.9982517482517,44.9344755244755,143
"Soacha","Cundinamarca",45.9780355276907,46.20144723093,3828
"Pasca","Cundinamarca",45.9703755868545,46.2638497652582,213
"Santa Bárbara","Antioquia",45.9683969465649,46.4278625954198,131
"Nariño","Nariño",45.96,44.47,51
"Pacho","Cundinamarca",45.9541878172589,45.0112182741117,394
"Molagavita","Santander",45.94,46.12,33
"Herveo","Tolima",45.9340322580645,49.4537096774194,62
"Saravena","Arauca",45.9325394321767,44.8868296529968,634
"Soraca","Boyacá",45.895652173913,43.6004347826087,115
"Cucunuba","Cundinamarca",45.8671428571429,41.93,84
"La Macarena","Meta",45.8668518518519,45.7774074074074,54
"Medellín","Antioquia",45.8612501726758,47.0191366210803,7239
"Cali","Valle",45.8496628784261,47.300893897431,10471
"Villa Guamez (La Hormiga)","Putumayo",45.8296883852691,44.6869121813031,353
"El Cerrito","Valle",45.828227571116,46.4913129102845,457
"San Antonio De Tequendama","Cundinamarca",45.8226451612903,45.2221935483871,155
"Quimbaya","Quindío",45.8010948905109,47.2730656934307,411
"Chachagui","Nariño",45.7876923076923,47.6730769230769,104
"Santa Maria","Boyacá",45.7802173913043,40.7139130434783,46
"Belmira","Antioquia",45.78,44.2317391304348,69
"San Luis","Tolima",45.7725157232704,44.0449056603774,159
"Belen","Boyacá",45.7592857142857,42.4448809523809,168
"Buesaco","Nariño",45.7574342105263,45.4686184210526,152
"Calarca","Quindío",45.7538473767885,47.4819077901431,629
"La Unión","Valle",45.75,45.15,20
"Cerrito","Santander",45.74,45.04,68
"Barrancabermeja","Santander",45.7321389496718,44.8826422319475,1828
"Ginebra","Valle",45.715,47.9080088495575,226
"La Vega","Cundinamarca",45.7006172839506,45.0034156378601,243
"Aguadas","Caldas",45.6954208754209,46.1097643097643,297
"Buga","Valle",45.6878853754941,46.6825395256917,1012
"Melgar","Tolima",45.6878571428571,46.3603571428571,392
"Los Andes (Sotomayor)","Nariño",45.6455371900826,46.1554545454545,121
"Cabrera","Santander",45.6455,42.746,20
"Quetame","Cundinamarca",45.6134065934066,44.6389010989011,91
"Simacota","Santander",45.611625,42.751625,80
"Aguazul","Casanare",45.6067424242424,44.1623484848485,528
"Villa Caro","Norte Santander",45.6063636363636,46.4869696969697,33
"Chinchina","Caldas",45.5717739130435,46.8427826086957,575
"Rioblanco","Tolima",45.5687878787879,44.2472727272727,132
"Ibagué","Tolima",45.5654190340909,46.1055610795455,1408
"Bugalagrande","Valle",45.564388185654,46.9143459915612,237
"Monterrey","Casanare",45.52528,44.56304,250
"La Victoria","Boyacá",45.52,45.74,23
"Sibate","Cundinamarca",45.5115170278638,45.6985448916409,323
"Madrid","Cundinamarca",45.5112598425197,45.6752913385827,635
"Macanal","Boyacá",45.5,46.23,48
"Buritica","Antioquia",45.4989473684211,44.4484210526316,38
"Cota","Cundinamarca",45.4931034482759,46.0796551724138,203
"Gualmatan","Nariño",45.4921428571429,44.8814285714286,84
"Campoalegre","Huila",45.4895053003534,44.4115901060071,283
"Villapinzon","Cundinamarca",45.4756382978723,43.6970212765957,282
"Durania","Norte Santander",45.47,43.1,51
"Buenavista","Boyacá",45.465625,43.20265625,64
"Monteria","Cordoba",45.4587121453618,44.158262671342,3137
"Guaca","Santander",45.45,41.47,53
"Dabeiba","Antioquia",45.4371875,44.3771875,96
"Pueblorrico","Antioquia",45.4369333333333,45.082,75
"La Paz","Santander",45.43,44.857619047619,63
"Une","Cundinamarca",45.42,46.32,77
"Orito","Putumayo",45.4158659217877,44.4132402234637,358
"El Cocuy","Boyacá",45.4152941176471,43.6258823529412,85
"Miranda","Cauca",45.4104885993485,45.3811074918567,307
"Santa Sofia","Boyacá",45.41,43.15,34
"Villa Del Rosario","Norte Santander",45.4048550724638,44.0298913043478,828
"Villeta","Cundinamarca",45.400813559322,45.4385084745763,295
"Tibirita","Cundinamarca",45.4,42.05,20
"San Pedro De Cartago","Nariño",45.4,42.81,52
"Tona","Santander",45.3932608695652,42.3678260869565,46
"Acevedo","Huila",45.3884210526316,44.0391228070175,171
"Santuario","Antioquia",45.3879279279279,46.1783783783784,333
"Arboleda (Berruecos)","Nariño",45.3842857142857,46.1307142857143,70
"Gameza","Boyacá",45.36,41.8274137931034,58
"Carmen De Apicala","Tolima",45.35,45.05,101
"Guepsa","Santander",45.35,42.12,68
"San Bernardo","Cundinamarca",45.3421794871795,44.8421153846154,156
"Ventaquemada","Boyacá",45.3164835164835,42.9241025641026,273
"Cachira","Norte Santander",45.2965740740741,43.3688888888889,108
"Sativasur","Boyacá",45.29,44.88,24
"Guaduas","Cundinamarca",45.2845364238411,44.5494039735099,302
"Cocorna","Antioquia",45.2545283018868,45.3930188679245,106
"San Vicente De Chucuri","Santander",45.2503802281369,44.9381368821293,526
"Chaparral","Tolima",45.2502150537634,44.8041397849462,372
"Cordoba","Nariño",45.2480392156863,44.1933333333333,153
"Sevilla","Valle",45.2416089108911,47.4849752475248,404
"Nemocon","Cundinamarca",45.2384126984127,44.6247619047619,126
"Imues","Nariño",45.2063888888889,46.0683333333333,72
"La Plata","Huila",45.1983993660856,44.1599841521395,631
"Fresno","Tolima",45.1921014492754,46.4718115942029,276
"Cumbal","Nariño",45.1807653061225,44.9097448979592,392
"San Cayetano","Cundinamarca",45.1573015873016,42.2709523809524,63
"Nariño","Cundinamarca",45.15,41.3744444444444,27
"Susa","Cundinamarca",45.15,43.32,79
"Casabianca","Tolima",45.1490163934426,45.8059016393443,61
"Motavita","Boyacá",45.1388235294118,42.8494117647059,85
"Nimaima","Cundinamarca",45.1322580645161,45.7246774193548,62
"Iza","Boyacá",45.1275,44.96875,32
"Viani","Cundinamarca",45.1158139534884,44.3251162790698,43
"Teorama","Norte Santander",45.0953846153846,42.1238461538462,65
"Arboledas","Norte Santander",45.0905555555556,41.1868518518519,108
"Sahagun","Cordoba",45.0769832985386,44.3491544885177,958
"Suarez","Tolima",45.061875,43,32
"Salamina","Caldas",45.0422009569378,45.9451196172249,209
"Elias","Huila",45.04,40.93,28
"Itagui","Antioquia",45.0343535262206,46.4749954792043,2212
"Venecia","Antioquia",45.03248,46.38632,125
"Caqueza","Cundinamarca",45.0307619047619,43.9937142857143,210
"Firavitoba","Boyacá",45.0233333333333,42.5853333333333,75
"Lejanias","Meta",45.0166666666667,43.91,108
"Moniquira","Boyacá",45.0136645962733,43.7501552795031,322
"Pensilvania","Caldas",44.9662365591398,46.0437275985663,279
"Iles","Nariño",44.9648062015504,42.412480620155,129
"Caldas","Antioquia",44.9535338345865,45.6033082706767,798
"Iquira","Huila",44.9383620689655,43.3181034482759,116
"Tame","Arauca",44.9250537634409,44.5993369175627,558
"Anolaima","Cundinamarca",44.9170731707317,44.690243902439,205
"Tolu","Sucre",44.9112698412698,44.1492592592593,189
"Pereira","Risaralda",44.9110372771475,46.86556726094,4936
"Corozal","Sucre",44.9087991021324,42.5584736251403,891
"La Esperanza","Norte Santander",44.9057692307692,43.3480769230769,52
"Since","Sucre",44.9057534246575,43.2388698630137,292
"Ubala","Cundinamarca",44.8952272727273,41.9856060606061,132
"San Cayetano","Norte Santander",44.89,43.34,44
"Icononzo","Tolima",44.8867924528302,43.9232075471698,159
"Aguachica","Cesar",44.8841905855339,43.6758668197474,871
"Mercaderes","Cauca",44.8596,43.6221,100
"Santa Maria","Huila",44.8499315068493,45.3909589041096,146
"Falan","Tolima",44.8422950819672,45.1839344262295,122
"El Colegio","Cundinamarca",44.8352012383901,45.3376160990712,323
"El Carmen","Santander",44.8264566929134,42.5738582677165,127
"Alejandria","Antioquia",44.82,46.55,22
"El Peñon","Santander",44.82,45.27,33
"Villarrica","Tolima",44.8184615384615,45.7827692307692,65
"El Zulia","Norte Santander",44.7956809338521,43.55046692607,257
"San Miguel De Sema","Boyacá",44.7916666666667,45.5972222222222,72
"San Andres","Santander",44.7808219178082,42.667397260274,146
"Santa Barbara","Santander",44.78,41.22,9
"Cienega","Boyacá",44.7793023255814,44.1046511627907,86
"Agustin Codazzi","Cesar",44.7621613832853,42.7207780979827,347
"Tuta","Boyacá",44.7612571428571,42.7529714285714,175
"La Paz (Robles)","Cesar",44.7565384615385,42.9628846153846,156
"Barbosa","Antioquia",44.7544372294372,45.2003246753247,462
"Turbaco","Bolívar",44.7535754985755,42.8683048433048,702
"El Guacamayo","Santander",44.7516666666667,47.5391666666667,24
"Morroa","Sucre",44.7502678571429,42.3680357142857,112
"Socha","Boyacá",44.7055828220859,42.9929447852761,163
"Viracacha","Boyacá",44.69,42.85,39
"Albania","Santander",44.6895238095238,43.9761904761905,42
"Granada","Meta",44.6883678756477,44.64396373057,772
"Manaure Balcon Del Cesar","Cesar",44.6835251798561,41.2596402877698,139
"Filandia","Quindío",44.6821917808219,44.450502283105,219
"Otanche","Boyacá",44.6785714285714,45.7285714285714,84
"Calarcá","Quindío",44.67552,44.58776,125
"Simiti","Bolívar",44.6748387096774,42.4633870967742,124
"Medina","Cundinamarca",44.67,42.56,64
"La Union","Nariño",44.6675935828877,46.0323262032086,374
"La Cumbre","Valle",44.6499056603774,46.471320754717,106
"Tabio","Cundinamarca",44.6464705882353,45.4486974789916,238
"Coper","Boyacá",44.642,43.318,25
"Maripi","Boyacá",44.6398181818182,41.8721818181818,55
"Calamar","Guaviare",44.6383636363636,43.29,55
"Santander De Quilichao","Cauca",44.6270330843116,44.9056456776948,937
"Dolores","Tolima",44.6242574257426,44.5828712871287,101
"Betulia","Santander",44.6224324324324,43.9472972972973,37
"La Peña","Cundinamarca",44.6065789473684,42.2607894736842,76
"Anza","Antioquia",44.6042105263158,46.0273684210526,38
"Tesalia","Huila",44.5979831932773,42.7233613445378,119
"Saboya","Boyacá",44.5962573099415,42.6920467836257,171
"San Pedro","Sucre",44.5908050847458,41.7598728813559,236
"Ragonvalia","Norte Santander",44.59,43.51,37
"Somondoco","Boyacá",44.5863291139241,44.7464556962025,79
"Bolivar","Cauca",44.5800911854103,43.5415197568389,329
"Susacon","Boyacá",44.560243902439,43.490243902439,41
"Cartago","Valle",44.5462399355878,46.1867230273752,1242
"Calima (Darien)","Valle",44.5339772727273,47.4364204545454,176
"Los Santos","Santander",44.5311764705882,44.499243697479,119
"Yumbo","Valle",44.5221547619048,45.2369761904762,840
"Gachantiva","Boyacá",44.48,38.93,44
"Sabanalarga","Casanare",44.48,43.64,98
"San Francisco","Cundinamarca",44.48,44.8,91
"Carepa","Antioquia",44.4763986013986,44.4415384615385,286
"Hacari","Norte Santander",44.44,41.09,34
"Santo Tomas","Atlántico",44.4260846560846,41.5171957671958,189
"Timana","Huila",44.4251680672269,44.4163445378151,238
"Montelibano","Cordoba",44.4228917197452,44.1285605095541,785
"El Doncello","Caquetá",44.4156451612903,43.6861290322581,248
"San Vicente","Antioquia",44.4142222222222,43.3206222222222,225
"Mongui","Boyacá",44.4083333333333,43.2992857142857,84
"Providencia","Nariño",44.4,47.83,53
"Taminango","Nariño",44.3986016949152,45.0813983050847,236
"Quinchia","Risaralda",44.3957530120482,46.5544578313253,332
"Chameza","Casanare",44.3948837209302,43.5313953488372,43
"Miraflores","Guaviare",44.3895652173913,45.7408695652174,23
"Guacheta","Cundinamarca",44.3671428571429,42.7411801242236,161
"Sucre","Santander",44.3641414141414,44.3128282828283,99
"Anapoima","Cundinamarca",44.3595238095238,44.9985714285714,105
"Don Matias","Antioquia",44.3413432835821,45.0966169154229,201
"Argelia","Cauca",44.3185227272727,43.5570454545455,88
"Florian","Santander",44.3162857142857,44.918,35
"Pradera","Valle",44.3019111969112,44.2296138996139,518
"Toca","Boyacá",44.301301369863,42.0741095890411,146
"Guayabal De Siquima","Cundinamarca",44.2618421052632,44.516052631579,76
"Contratacion","Santander",44.2551111111111,41.0191111111111,90
"Hato Corozal","Casanare",44.2257042253521,41.9094366197183,142
"Raquira","Boyacá",44.2134117647059,43.2337647058824,85
"Silos","Norte Santander",44.21,42.38,53
"La Union","Valle",44.2082152974504,44.7623512747875,353
"San Vicente Del Caguan","Caquetá",44.1977134986226,42.8304683195592,363
"Palocabildo","Tolima",44.1947887323944,44.1514084507042,71
"Valparaiso","Antioquia",44.1822222222222,47.3555555555556,54
"Toledo","Norte Santander",44.179132231405,42.7130165289256,242
"Sativanorte","Boyacá",44.17,46.81,36
"La Jagua Del Pilar","La Guajira",44.17,45.75,12
"Suaita","Santander",44.1692907801418,43.9283687943262,141
"Amaga","Antioquia",44.1552903225806,44.6535483870968,310
"Santa Rosalia","Vichada",44.15,44.15,27
"Guamal","Meta",44.1441875,43.7449375,160
"Nilo","Cundinamarca",44.1437362637363,43.793956043956,91
"San Jacinto","Bolívar",44.1399685534591,41.3711949685535,318
"Palestina","Caldas",44.1359375,44.7195089285714,224
"Guatavita","Cundinamarca",44.1308974358974,42.256282051282,78
"Oicata","Boyacá",44.13,41.65,46
"Espinal","Tolima",44.1142013422819,43.1805234899329,745
"Barranquilla","Atlántico",44.1137220207025,44.1259028576484,11303
"El Dorado","Meta",44.1,44.29,58
"Valledupar","Cesar",44.0998586149053,44.3719889767553,4173
"Bello","Antioquia",44.0850825688073,46.0816408912189,3815
"La Playa","Norte Santander",44.0845,43.818,60
"Sabanagrande","Atlántico",44.0779347826087,42.9038858695652,368
"Mongua","Boyacá",44.0729411764706,41.9976470588235,85
"Palmar De Varela","Atlántico",44.0413450292398,41.9223976608187,342
"Marsella","Risaralda",44.0364670658683,43.4456886227545,167
"Norcasia","Caldas",44.02,45.73,55
"Timbio","Cauca",44.0030147058824,45.2933455882353,272
"Tota","Boyacá",43.9885294117647,40.0023529411765,68
"Planeta Rica","Cordoba",43.9834782608696,42.7128322981366,805
"Titiribi","Antioquia",43.9751351351351,44.1645945945946,74
"Puerto Libertador","Cordoba",43.9527322404372,43.3351366120219,183
"Andalucia","Valle",43.952523364486,46.9401401869159,214
"Aratoca","Santander",43.9442361111111,43.8740277777778,144
"Purace (Coconuco)","Cauca",43.9399,44.6518,100
"San Jose","Caldas",43.93,45.472,70
"Cravo Norte","Arauca",43.93,42.9,41
"Tibu","Norte Santander",43.9232653061225,41.7742517006803,294
"Yarumal","Antioquia",43.9128923766816,44.9780941704036,446
"Palmar","Santander",43.91,43.26,23
"Matanza","Santander",43.9088157894737,42.4361842105263,76
"Galapa","Atlántico",43.904984984985,41.7611411411411,333
"La Jagua De Ibirico","Cesar",43.899755351682,42.6374006116208,327
"Piendamo","Cauca",43.8966580310881,44.9048186528497,386
"Arauca","Arauca",43.8885426540284,44.7412796208531,844
"Macheta","Cundinamarca",43.8777215189873,41.7948101265823,79
"Puerto Lopez","Meta",43.8723768115942,43.7835942028985,345
"Bolivar","Antioquia",43.8667553191489,44.5411170212766,188
"Tenjo","Cundinamarca",43.8655026455026,44.2925925925926,189
"Agustín Codazzi","Cesar",43.8592537313433,43.2176119402985,201
"Heliconia","Antioquia",43.8547619047619,44.9066666666667,42
"San Martin","Cesar",43.8464827586207,42.8956551724138,145
"San Calixto","Norte Santander",43.84,40.19,37
"Coello","Tolima",43.8138842975207,43.0812396694215,121
"Riosucio","Caldas",43.8102522255193,45.4864540059347,674
"Risaralda","Caldas",43.8066990291262,45.8332038834951,103
"Convencion","Norte Santander",43.7947101449275,42.2431884057971,138
"Corrales","Boyacá",43.7906451612903,40.0477419354839,62
"Rovira","Tolima",43.7835135135135,43.6989575289575,259
"Genova","Quindío",43.7721686746988,45.1675903614458,83
"Siachoque","Boyacá",43.7690265486726,43.1653097345133,113
"Suaza","Huila",43.7518309859155,42.9808450704225,142
"Suesca","Cundinamarca",43.7511538461538,42.3298076923077,208
"La Dorada","Caldas",43.7446086956522,44.231115942029,690
"La Primavera","Vichada",43.7406,44.31,100
"Urrao","Antioquia",43.7375177304964,44.8804609929078,282
"Sonson","Antioquia",43.733418079096,45.2253107344633,354
"Chita","Boyacá",43.7325,41.6316346153846,104
"San Diego","Cesar",43.7266666666667,41.4093236714976,207
"Jerico","Boyacá",43.7169230769231,39.8202564102564,39
"Galeras (Nueva Granada)","Sucre",43.7070192307692,42.1282692307692,312
"La Tebaida","Quindío",43.6992462311558,44.9140703517588,398
"Ubaque","Cundinamarca",43.69,43.35,65
"Tamara","Casanare",43.6576923076923,40.3492307692308,52
"Granada","Cundinamarca",43.65,44.12,104
"Honda","Tolima",43.6041319444444,42.7673611111111,288
"Silvania","Cundinamarca",43.580102739726,43.602397260274,292
"Sasaima","Cundinamarca",43.5798863636364,43.2947159090909,176
"Junin","Cundinamarca",43.5587878787879,44.0612121212121,99
"Chipaque","Cundinamarca",43.5554838709677,42.0659677419355,124
"Candelaria","Valle",43.5549779086893,44.6937260677467,679
"Purificación","Tolima",43.55,43.5,44
"Caucasia","Antioquia",43.5485777385159,42.7923144876325,1132
"Cimitarra","Santander",43.541339869281,43.5422549019608,306
"Prado","Tolima",43.5354545454545,44.2893388429752,121
"Valle De San Juan","Tolima",43.5335483870968,43.9216129032258,62
"Anserma","Caldas",43.5319076305221,45.4508634538153,498
"Riofrio","Valle",43.5219178082192,44.8417123287671,146
"Colombia","Huila",43.5207692307692,44.2172307692308,65
"San Juan Del Cesar","La Guajira",43.518425,42.984625,400
"Pacora","Caldas",43.5138497652582,46.8042723004695,213
"La Palma","Cundinamarca",43.5094117647059,42.3027941176471,136
"Marquetalia","Caldas",43.5082233502538,46.2293908629442,197
"Algeciras","Huila",43.5079310344828,42.5955555555555,261
"El Rosal","Cundinamarca",43.5061139896373,44.45,193
"Agua De Dios","Cundinamarca",43.47,46.18,116
"Santiago","Norte Santander",43.46,40.68,41
"Cerete","Cordoba",43.4563957597173,41.3139840989399,1132
"Roncesvalles","Tolima",43.4553947368421,43.4288157894737,76
"Caparrapi","Cundinamarca",43.4461313868613,43.1444525547445,137
"Saldaña","Tolima",43.4417647058824,42.3321390374332,187
"Pandi","Cundinamarca",43.4405882352941,45.9717647058824,34
"Patía(El Bordo)","Cauca",43.44,43.95,39
"Belen De Umbria","Risaralda",43.4249808429119,45.0354789272031,261
"Vista Hermosa","Meta",43.4228260869565,42.2173913043478,92
"Paime","Cundinamarca",43.4226923076923,42.8461538461538,52
"Coromoro","Santander",43.4144285714286,41.673,70
"Carmen De Carupa","Cundinamarca",43.4010563380282,41.3907042253521,142
"Caicedonia","Valle",43.3886915887851,45.3680373831776,321
"Landazuri","Santander",43.3773825503356,43.4685906040268,149
"Abrego","Norte Santander",43.3516483516484,43.4125274725275,182
"Páez","Boyacá",43.35,38.05,20
"San Miguel","Putumayo",43.3492424242424,43.6204545454545,132
"Girardot","Cundinamarca",43.3436325385694,43.50603085554,713
"Santa Rosa De Viterbo","Boyacá",43.3357587548638,43.3503112840467,257
"Puerto Santander","Norte Santander",43.32,42.21,57
"Tocaima","Cundinamarca",43.3176585365854,42.4438536585366,205
"Ortega","Tolima",43.308895184136,42.4496317280453,353
"Subachoque","Cundinamarca",43.3013942307692,44.2285576923077,208
"Ebejico","Antioquia",43.2987603305785,45.776694214876,121
"Funes","Nariño",43.2659183673469,43.4114285714286,49
"Teruel","Huila",43.26375,43.5625,80
"Dagua","Valle",43.2602310231023,45.136600660066,303
"El Tablon","Nariño",43.2584393063584,43.8840462427746,173
"Santiago","Putumayo",43.2410975609756,44.9626829268293,82
"Supata","Cundinamarca",43.22825,43.673125,80
"San Lorenzo","Nariño",43.2201342281879,43.581677852349,149
"Abriaqui","Antioquia",43.21,42.57,14
"Onzaga","Santander",43.206265060241,41.7734939759036,83
"La Merced","Caldas",43.1997872340426,45.6504255319149,94
"La Apartada (La Frontera)","Cordoba",43.1984848484849,42.9733333333333,132
"Marulanda","Caldas",43.1859259259259,46.9996296296296,27
"Turbana","Bolívar",43.171625,43.13475,160
"Florida","Valle",43.1676769509982,46.2699818511797,551
"Armenia","Antioquia",43.1636065573771,41.3750819672131,61
"Cuaspud (Carlosama)","Nariño",43.1488059701493,44.0568656716418,67
"Pueblo Bello","Cesar",43.1448863636364,39.3295454545455,88
"Santa Barbara","Antioquia",43.1318548387097,44.2432258064516,124
"Carolina","Antioquia",43.1076086956522,45.585,46
"Restrepo","Valle",43.1071287128713,44.6732178217822,202
"Yali","Antioquia",43.09,45.75,32
"Sopetran","Antioquia",43.0891379310345,42.1528735632184,174
"Lerida","Tolima",43.0802542372881,43.0160593220339,236
"Urumita","La Guajira",43.0739669421488,42.0225619834711,121
"Tinjaca","Boyacá",43.0736842105263,41.6157894736842,57
"Anzoategui","Tolima",43.0719512195122,41.7829268292683,82
"Sabana De Torres","Santander",43.0665480427046,42.6458362989324,281
"Funza","Cundinamarca",43.0535114503817,45.0745801526718,786
"Sahagún","Cordoba",43.0529015544041,41.929481865285,193
"Yaguara","Huila",43.0518857142857,42.0818285714286,175
"San Cristobal","Bolívar",43.0476190476191,36.332380952381,63
"Cañasgordas","Antioquia",43.0466981132075,41.0278301886792,212
"Montebello","Antioquia",43.04,43.67,51
"Magangue","Bolívar",43.0092576419214,41.4032838427948,1145
"Pital","Huila",43.0030973451327,44.1588495575221,113
"Suan","Atlántico",42.98,42.2260869565217,92
"Nariño","Antioquia",42.9542222222222,42.9811111111111,45
"Tibacuy","Cundinamarca",42.9348484848485,44.1584848484849,99
"Puli","Cundinamarca",42.93,42.22,27
"Cienaga De Oro","Cordoba",42.9201358234295,40.5942614601019,589
"Saladoblanco","Huila",42.9193939393939,42.4024242424242,132
"El Paujil","Caquetá",42.9160122699387,41.9754601226994,163
"Alpujarra","Tolima",42.9146551724138,42.9313793103448,58
"Alcala","Valle",42.9113333333333,45.06,135
"Liborina","Antioquia",42.9112359550562,41.7657303370787,89
"Trujillo","Valle",42.9102380952381,45.3741666666667,168
"Ricaurte","Cundinamarca",42.885,44.0459090909091,88
"Tarqui","Huila",42.8805220883534,42.3387148594378,249
"Frontino","Antioquia",42.8802898550725,43.2613043478261,207
"La Uvita","Boyacá",42.8772972972973,43.257027027027,74
"Puerto Triunfo","Antioquia",42.8757638888889,43.3465277777778,144
"Nunchia","Casanare",42.8696052631579,41.2656578947368,76
"Puerto  Leguizamo","Putumayo",42.8572413793103,42.264367816092,174
"Caramanta","Antioquia",42.8435384615385,44.0815384615385,65
"Mallama (Piedrancha)","Nariño",42.8429787234043,44.1906382978723,94
"Jesus Maria","Santander",42.84,47.95,44
"Piedras","Tolima",42.8326666666667,42.28,60
"Manzanares","Caldas",42.8089423076923,43.5144230769231,208
"Armero (Guayabal)","Tolima",42.8054545454545,41.9737062937063,143
"San Mateo","Boyacá",42.7915492957747,43.296338028169,71
"Briceño","Boyacá",42.79,42.79,47
"Giraldo","Antioquia",42.78,44.02,51
"Ulloa","Valle",42.7794029850746,45.8358208955224,67
"San Jose Del Guaviare","Guaviare",42.7784156976744,43.4267587209302,688
"San Marcos","Sucre",42.7730872483221,41.7113255033557,596
"Montenegro","Quindío",42.7715444015444,44.5061583011583,518
"Jamundi","Valle",42.7664239130435,44.0057065217391,920
"Pijao","Quindío",42.7658088235294,43.6778676470588,136
"Zetaquira","Boyacá",42.7636134453781,41.2443697478992,119
"El Retorno","Guaviare",42.7449230769231,40.8703846153846,130
"El Carmen De Bolívar","Bolívar",42.7425373134328,41.0683582089552,134
"Orocue","Casanare",42.6997872340426,41.9264893617021,94
"Chiriguana","Cesar",42.6713654618474,40.7448192771084,249
"Florencia","Cauca",42.67,44.86,43
"El Rosario","Nariño",42.6525,41.7476923076923,52
"Guatica","Risaralda",42.6491719745223,43.4941401273885,157
"Chiquiza","Boyacá",42.6433333333333,39.5855555555556,72
"Cubarral","Meta",42.6423684210526,45.1568421052632,76
"Buenavista","Sucre",42.6422222222222,41.3967521367521,117
"Venecia (Ospina Perez)","Cundinamarca",42.64,42.94,53
"Samana","Caldas",42.6309565217391,44.9460869565217,230
"Pailitas","Cesar",42.6169543147208,41.2251269035533,197
"Rosas","Cauca",42.6139814814815,43.3913888888889,108
"Pelaya","Cesar",42.6060591133005,40.9560591133005,203
"Puerto Carreño","Vichada",42.6032083333333,42.6867083333333,240
"Chiscas","Boyacá",42.6005376344086,40.2909677419355,93
"Pto Santander","Amazonas",42.6,37.8,5
"Cajibio","Cauca",42.5786153846154,44.065282051282,195
"Ambalema","Tolima",42.5305263157895,43.7765789473684,76
"La Argentina","Huila",42.5298192771084,41.8818674698795,166
"Cepita","Santander",42.5,44.58,12
"Jerusalen","Cundinamarca",42.48,43.41,29
"Viota","Cundinamarca",42.4781818181818,43.0657727272727,220
"San Carlos De Guaroa","Meta",42.4768181818182,40.8509090909091,88
"Chima","Santander",42.469375,42.49625,32
"San Pedro","Valle",42.4681333333333,45.2561333333333,150
"Alban","Cundinamarca",42.4653164556962,43.0232911392405,79
"La Gloria","Cesar",42.4608227848101,40.5590506329114,158
"Pisva","Boyacá",42.46,38.15,13
"Ansermanuevo","Valle",42.4477372262774,45.7287591240876,137
"Vergara","Cundinamarca",42.4415189873418,41.9022784810127,79
"San Juan De Arama","Meta",42.4389320388349,43.7180582524272,103
"San Pedro De Urabá","Antioquia",42.43,42.23,53
"Baraya","Huila",42.425873015873,44.8890476190476,63
"Belalcazar","Caldas",42.3951351351351,44.7384684684685,111
"Puerto Caicedo","Putumayo",42.3925773195876,42.8869072164949,97
"Tierralta","Cordoba",42.3824537815126,41.1618319327731,595
"Aquitania","Boyacá",42.3801602564103,42.3392948717949,312
"El Águila","Valle",42.38,45.46,13
"Sachica","Boyacá",42.38,44.38,37
"Quebradanegra","Cundinamarca",42.3757142857143,43.4414285714286,70
"Rivera","Huila",42.3679347826087,42.3248188405797,276
"El Copey","Cesar",42.3612840466926,43.0607003891051,257
"Sotara (Paispamba)","Cauca",42.3609638554217,44.4471084337349,83
"Yotoco","Valle",42.3607142857143,44.8814285714286,126
"Quipama","Boyacá",42.3588461538462,41.5616666666667,78
"Astrea","Cesar",42.3490842490842,39.9729304029304,273
"Ciénaga De Oro","Cordoba",42.345,43.745,78
"Coloso (Ricaurte)","Sucre",42.34,39.18,74
"Cartagena","Bolívar",42.3387103410937,41.9546800216567,9235
"Chiquinquira","Boyacá",42.3336999147485,42.4479710144928,1173
"Alvarado","Tolima",42.3270476190476,43.8624761904762,105
"Ubaté","Cundinamarca",42.3185714285714,42.7142857142857,28
"Angostura","Antioquia",42.2848648648649,41.1095945945946,74
"Concordia","Antioquia",42.28,45.82,90
"Santa Helena Del Opon","Santander",42.2776,44.5188,25
"Murillo","Tolima",42.2774418604651,45.12,43
"Fredonia","Antioquia",42.2727419354839,43.3275,248
"Corinto","Cauca",42.2639024390244,43.015081300813,246
"Balboa","Risaralda",42.2581355932203,45.0893220338983,59
"Baranoa","Atlántico",42.2404697986577,42.4701677852349,596
"La Uribe","Meta",42.2352941176471,42.5311764705882,34
"Pueblo Nuevo","Cordoba",42.1900357142857,42.2035714285714,280
"Puerto Rico","Caquetá",42.1686290322581,43.2754032258064,248
"Sucre","Cauca",42.14,40.86,22
"El Tambo","Cauca",42.1099,42.8120333333333,300
"Riohacha","La Guajira",42.1058917835671,42.1360721442886,1497
"Apartado","Antioquia",42.1058260105448,42.9054569420035,1138
"Caceres","Antioquia",42.1029104477612,42.2749253731343,134
"Malambo","Atlántico",42.0976642335766,41.1212700729927,685
"Toro","Valle",42.0974509803922,44.2123529411765,153
"Cisneros","Antioquia",42.0838461538461,41.4323076923077,104
"Arboletes","Antioquia",42.0751420454545,41.8932954545455,352
"Puerto Boyacá","Boyacá",42.0673819742489,44.6447639484979,233
"Purificacion","Tolima",42.061375,41.609375,240
"Planadas","Tolima",42.0539130434783,42.6555072463768,207
"Puerto Boyaca","Boyacá",42.0475,43.4086597938144,388
"Tolú","Sucre",42.04,40.47,45
"Natagaima","Tolima",42.0357959183673,42.4921632653061,245
"Pivijay","Magdalena",42.0338428874735,42.4105520169851,471
"Becerril","Cesar",42.0021621621622,39.7855675675676,185
"El Roble","Sucre",42,42.3,53
"Albania","Caquetá",41.9995454545455,43.4068181818182,44
"Puerto Gaitan","Meta",41.9909523809524,40.5572486772487,189
"San Andres","Antioquia",41.9871428571429,41.8371428571429,63
"La Vega","Cauca",41.9642771084337,41.1048795180723,166
"Fortul","Arauca",41.9512252964427,41.1473122529644,253
"Hobo","Huila",41.95,42.06,66
"Sabanalarga","Antioquia",41.9304166666667,40.9716666666667,72
"San Joaquin","Santander",41.9264285714286,43.8585714285714,28
"Balboa","Cauca",41.9063513513514,42.6360810810811,148
"Aipe","Huila",41.9029292929293,41.3749494949495,198
"Piamonte","Cauca",41.9,39.33,21
"Tello","Huila",41.8969565217391,40.9562608695652,115
"Betania","Antioquia",41.88,43.47,68
"Supia","Caldas",41.875811965812,43.2809829059829,468
"Confines","Santander",41.8716129032258,43.1,31
"El Castillo","Meta",41.8683870967742,42.9696774193548,62
"Santa Catalina","Bolívar",41.8628787878788,39.6907575757576,132
"Morales","Cauca",41.8442924528302,42.1553773584906,212
"San Bernardo Del Viento","Cordoba",41.828813559322,40.4743389830508,295
"San Juan De Rio Seco","Cundinamarca",41.8254605263158,44.0240131578947,152
"Leiva","Nariño",41.8206944444444,42.8591666666667,72
"Providencia","San Andres",41.81,44.86,37
"Maceo","Antioquia",41.81,43.5875789473684,95
"Campamento","Antioquia",41.8,44.34,35
"La Celia","Risaralda",41.7958536585366,44.059756097561,82
"Trinidad","Casanare",41.7797142857143,40.3505714285714,140
"Chigorodo","Antioquia",41.735472,43.38512,625
"Buenavista","Quindío",41.7141025641026,44.175641025641,39
"Cumaribo","Vichada",41.6896428571429,38.0280952380952,84
"Fundacion","Magdalena",41.6768271954674,41.2661473087819,353
"Manta","Cundinamarca",41.6620652173913,40.1854347826087,92
"Pajarito","Boyacá",41.6521739130435,43.804347826087,46
"El Aguila","Valle",41.6485714285714,44.7924175824176,91
"Beteitiva","Boyacá",41.6408888888889,39.4242222222222,45
"Los Cordobas","Cordoba",41.6359090909091,41.7817424242424,132
"Gambita","Santander",41.6305555555556,41.4083333333333,54
"Taraira","Vaupés",41.63,38,8
"Galan","Santander",41.6075,40.24859375,64
"Zipacon","Cundinamarca",41.6002564102564,43.9105128205128,78
"Recetor","Casanare",41.6,39.1,20
"Almeida","Boyacá",41.57,43.68,37
"Bolivar","Valle",41.5682575757576,43.2575757575758,132
"Victoria","Caldas",41.5602985074627,45.0186567164179,134
"Mitu","Vaupés",41.5353301886792,40.796179245283,212
"Guacari","Valle",41.5146276595745,44.7916223404255,376
"San Pelayo","Cordoba",41.5135551948052,39.6093506493507,616
"San Antonio","Tolima",41.512064516129,43.2291612903226,155
"Leticia","Amazonas",41.5094265232975,41.8691218637993,558
"Sucre","Sucre",41.5025988700565,40.0010734463277,177
"Nuqui","Choco",41.49,38.54,37
"Quipile","Cundinamarca",41.4876086956522,43.6065217391304,92
"Fosca","Cundinamarca",41.4724324324324,43.4068918918919,74
"El Banco","Magdalena",41.4570735524257,40.3613615023474,639
"Bahia Solano (Mutis)","Choco",41.4540425531915,38.9897872340426,94
"Puerto Rico","Meta",41.4275949367089,41.796582278481,79
"Amalfi","Antioquia",41.4257894736842,43.2948987854251,247
"Valdivia","Antioquia",41.4233333333333,42.2666666666667,57
"Chimichagua","Cesar",41.4216541353383,39.0259899749373,399
"Curumani","Cesar",41.4106613756614,39.7870634920635,378
"San Pablo","Bolívar",41.4070106761566,40.6481138790036,281
"Puerto Colombia","Atlántico",41.4000257731959,42.0832731958763,388
"Pesca","Boyacá",41.3998958333333,40.6954166666667,96
"Puerto Nare (La Magdalena)","Antioquia",41.388855721393,43.3907462686567,201
"El Charco","Nariño",41.3820967741935,39.7462903225807,124
"Angelopolis","Antioquia",41.3681666666667,47.0176666666667,60
"Salgar","Antioquia",41.3680555555556,41.6288888888889,108
"El Bagre","Antioquia",41.3649234135667,41.1757986870897,457
"Guican","Boyacá",41.3366666666667,41.1633333333333,84
"Socota","Boyacá",41.3303797468354,39.9479746835443,79
"Valencia","Cordoba",41.3261714285714,42.2495714285714,350
"Pijiño Del Carmen","Magdalena",41.3246534653465,39.3152475247525,101
"Solita","Caquetá",41.3170212765957,40.9565957446809,47
"Puerto Lleras","Meta",41.3039024390244,44.1229268292683,82
"Chima","Cordoba",41.2874829931973,40.7751020408163,147
"San Juan Nepomuceno","Bolívar",41.2873589164786,41.5902031602709,443
"Paya","Boyacá",41.27,40.27,22
"Bajo Baudo   (Pizarro)","Choco",41.2688235294118,40.325,34
"Versalles","Valle",41.2680412371134,43.350206185567,97
"Bucarasica","Norte Santander",41.2617391304348,41.8269565217391,69
"El Carmen","Norte Santander",41.2585393258427,40.9793258426966,89
"Hato","Santander",41.254,40.426,40
"Argelia","Antioquia",41.25,43.13,56
"La Victoria","Valle",41.2447619047619,43.5396825396825,189
"San Juan De Betulia","Sucre",41.2438271604938,38.6785802469136,162
"Villanueva","Bolívar",41.2382558139535,39.6622093023256,172
"Sutatenza","Boyacá",41.2207692307692,40.2989423076923,104
"Altos Del Rosario","Bolívar",41.2077586206897,39.0343103448276,58
"Puerto Wilches","Santander",41.2015882352941,40.7525882352941,340
"Guamo","Tolima",41.1873835920177,41.029689578714,451
"El Cairo","Valle",41.17375,44.01125,80
"San Carlos","Antioquia",41.1692307692308,43.7616568047337,169
"Muzo","Boyacá",41.1691111111111,41.2585185185185,135
"Ayapel","Cordoba",41.1685532994924,39.1853553299492,394
"Caldas","Boyacá",41.1575652173913,41.3986086956522,115
"San Agustin","Huila",41.1507162534435,41.7267768595041,363
"Cabrera","Cundinamarca",41.143734939759,40.1363855421687,83
"Cicuco","Bolívar",41.134,41.6892727272727,110
"Viterbo","Caldas",41.1140277777778,43.6123611111111,216
"San Zenón","Magdalena",41.1,37.41,29
"Santa Marta","Magdalena",41.0990695613646,42.273763845813,4514
"Maria La Baja","Bolívar",41.0938586956522,39.204384057971,552
"Paratebueno","Cundinamarca",41.089797979798,40.6654545454545,99
"Toluviejo","Sucre",41.0794776119403,40.3023507462687,268
"Santo Domingo","Antioquia",41.0726570048309,41.8829468599034,207
"Apia","Risaralda",41.0615384615385,43.4142474916388,299
"Belén De Los Andaquies","Caquetá",41.06,43.94,35
"Manatí","Atlántico",41.05,35.38,21
"Arjona","Bolívar",41.0396961690885,39.50964332893,757
"Gachala","Cundinamarca",41.0309090909091,41.0893939393939,66
"Buenavista","Cordoba",41.0167117117117,41.094954954955,222
"Cunday","Tolima",41.004965034965,41.9100699300699,143
"Cubara","Boyacá",41.0025,43.265,56
"Gutierrez","Cundinamarca",40.9825,40.9358333333333,48
"Zarzal","Valle",40.9272495088409,43.5017092337917,509
"La Llanada","Nariño",40.922,43.25125,80
"Sampues","Sucre",40.9135836909871,38.4939484978541,466
"El Peñon","Cundinamarca",40.9115151515151,40.6645454545455,66
"Padilla","Cauca",40.8941379310345,41.5841379310345,87
"Bosconia","Cesar",40.8933333333333,40.5127635327635,351
"Guadalupe","Huila",40.8807589285714,40.6674553571429,224
"Fonseca","La Guajira",40.8786504424779,40.5131194690265,452
"Canalete","Cordoba",40.8713178294574,42.0801550387597,129
"San Andres","San Andres",40.8698558558559,43.3869189189189,555
"Palmas Del Socorro","Santander",40.8545,40.925,40
"San Pablo De Borbur","Boyacá",40.8430508474576,41.5584745762712,59
"Ataco","Tolima",40.8118666666667,42.5327333333333,150
"San Roque","Antioquia",40.7999375,40.90621875,320
"Filadelfia","Caldas",40.7703496503497,44.8183916083916,143
"San Jeronimo","Antioquia",40.7624581005587,42.2103351955307,179
"Fundación","Magdalena",40.7502928870293,38.7105857740586,239
"San Rafael","Antioquia",40.7385279187817,43.688578680203,197
"Fuente De Oro","Meta",40.7367924528302,40.8850314465409,159
"Barranca De Upia","Meta",40.71,41.51,51
"Buenaventura","Valle",40.6958973105134,41.2616968215159,2045
"Pauna","Boyacá",40.6865882352941,39.5352941176471,170
"Santa Rosa","Cauca",40.6822727272727,41.0427272727273,44
"Albania","La Guajira",40.67,42.89,169
"Curiti","Santander",40.6667901234568,40.8886419753086,243
"San Pedro De Uraba","Antioquia",40.652969924812,40.5807142857143,266
"La Montañita","Caquetá",40.6407692307692,41.5928205128205,117
"Momil","Cordoba",40.6396666666667,39.057375,240
"Puerto Berrio","Antioquia",40.6342455242967,42.1962915601023,391
"Chitaraque","Boyacá",40.63,38.04,56
"Aranzazu","Caldas",40.6190825688073,43.4411467889908,218
"Topaipi","Cundinamarca",40.6023809523809,40.6004761904762,63
"San Zenon","Magdalena",40.5954054054054,38.9475675675676,74
"Nechi","Antioquia",40.588487394958,41.193781512605,119
"Achi","Bolívar",40.5736200716846,38.210752688172,279
"Tunungua","Boyacá",40.57,40.39,28
"Cordoba","Quindío",40.5542857142857,42.9128571428571,56
"San Jacinto Del Cauca","Bolívar",40.5535820895522,39.8971641791045,67
"Chinu","Cordoba",40.5381019332162,40.0421616871705,569
"Totoro","Cauca",40.5326666666667,44.5157142857143,105
"San Sebastian De Buenavista","Magdalena",40.5288942307692,39.2734615384615,208
"Dibulla","La Guajira",40.5204469273743,39.5982681564246,179
"El Paso","Cesar",40.515251572327,40.0353459119497,318
"Quibdo","Choco",40.5041941228851,41.8740872662511,1123
"Obando","Valle",40.4670629370629,41.5467132867133,143
"San Carlos","Cordoba",40.4614778325123,40.7884236453202,203
"Mompos","Bolívar",40.4592673992674,38.6741391941392,546
"Caldono","Cauca",40.442,41.39212,250
"Guamal","Magdalena",40.4394549763033,39.2377251184834,422
"Inza","Cauca",40.4389121338912,40.3988284518828,239
"Agrado","Huila",40.4275,42.2561875,160
"Patia(El Bordo)","Cauca",40.3898854961832,40.1035496183206,262
"Maicao","La Guajira",40.3566292735043,39.8513888888889,1872
"Palmito","Sucre",40.3541538461538,38.006,130
"Tenerife","Magdalena",40.3321383647799,39.5427672955975,159
"San Onofre","Sucre",40.32859030837,39.5790969162996,454
"La Pintada","Antioquia",40.2993693693694,41.3603603603604,111
"Salento","Quindío",40.27,43.49,45
"Ovejas","Sucre",40.2697506925208,38.6518836565097,361
"Puerto Concordia","Meta",40.2670731707317,40.9259756097561,82
"Ariguani (El Dificil)","Magdalena",40.2609345794393,40.2454828660436,321
"El Espino","Boyacá",40.2577,39.7397,100
"Santana","Boyacá",40.2433502538071,38.8168527918782,197
"Lorica","Cordoba",40.2272386445566,39.440043258832,1387
"Yondo (Casabe)","Antioquia",40.2081656804734,40.6022485207101,169
"Anori","Antioquia",40.1938202247191,41.4692134831461,89
"Cantagallo","Bolívar",40.1830985915493,38.6608450704225,71
"Santafé De Antioquia","Antioquia",40.1785941644562,41.7323342175066,377
"Boyacá","Cundinamarca",40.17,44.25,12
"Tiquisio (Puerto Rico)","Bolívar",40.1197278911565,37.9960544217687,147
"Morales","Bolívar",40.071858974359,38.2812179487179,156
"Sabanalarga","Atlántico",40.0626321353066,38.8633720930233,946
"El Guamo","Bolívar",40.0477108433735,37.4095180722892,83
"Mogotes","Santander",40.0305263157895,39.1036842105263,209
"San Juan De Uraba","Antioquia",40.0145291479821,39.0255605381166,223
"San Jose Del Fragua","Caquetá",39.9706532663317,40.4072864321608,199
"Solano","Caquetá",39.970625,41.0915625,32
"Morelia","Caquetá",39.9465714285714,42.6845714285714,35
"Cienaga","Magdalena",39.9450980392157,39.9757352941176,816
"Caracoli","Antioquia",39.94,44.44,48
"Cotorra","Cordoba",39.9336196319018,39.2746012269939,163
"San Sebastian","Cauca",39.9177777777778,42.002380952381,63
"Margarita","Bolívar",39.9122950819672,38.7903278688525,122
"Almaguer","Cauca",39.9090082644628,40.2884297520661,121
"Santa Ana","Magdalena",39.8872239747634,39.2403154574133,317
"Puerto Rondon","Arauca",39.86,43.58,43
"Paez (Belalcazar)","Cauca",39.8452054794521,40.6117808219178,219
"Puerto Tejada","Cauca",39.8037905236908,39.7681546134663,401
"Villavieja","Huila",39.7805154639175,42.0082474226804,97
"Olaya","Antioquia",39.7543243243243,39.975945945946,37
"Villanueva","La Guajira",39.7497551020408,40.6656734693878,245
"Concepcion","Antioquia",39.74,43.55,31
"Milan","Caquetá",39.734,40.6665333333333,75
"San Martin De Loba","Bolívar",39.7249339207048,40.1764757709251,227
"Gamarra","Cesar",39.7133613445378,40.1421848739496,119
"San Jose De Pare","Boyacá",39.6738461538462,40.5580769230769,52
"Flandes","Tolima",39.673045112782,40.6099248120301,266
"Condoto","Choco",39.6725560538117,38.347533632287,223
"Isnos","Huila",39.6273,40.189175,400
"Chaguani","Cundinamarca",39.62,40.37,76
"Policarpa","Nariño",39.6053521126761,39.8455633802817,142
"Yolombo","Antioquia",39.57656,40.792,250
"Mistrato","Risaralda",39.5580327868852,42.6977049180328,122
"Barrancas","La Guajira",39.5253968253968,40.2493968253968,315
"La Sierra","Cauca",39.4786991869919,41.8182113821138,123
"Los Palmitos","Sucre",39.4416896551724,38.7333103448276,290
"Zapayan","Magdalena",39.4381707317073,36.8885365853659,82
"Briceño","Antioquia",39.43,43.78,37
"Zambrano","Bolívar",39.4258024691358,37.2853086419753,162
"San Estanislao","Bolívar",39.3940594059406,36.5885148514852,202
"Caimito","Sucre",39.39328,39.12296,125
"Caloto","Cauca",39.3902118644068,39.5238347457627,472
"Usiacuri","Atlántico",39.39,40.38,100
"El Carmen De Bolivar","Bolívar",39.3821617852162,39.7450627615063,717
"San Antero","Cordoba",39.3706501547988,38.2889164086687,323
"Plato","Magdalena",39.3550403225806,39.8631653225806,496
"Silvia","Cauca",39.3537685459941,41.6629080118694,337
"Guaranda","Sucre",39.3380733944954,37.9004587155963,109
"Marmato","Caldas",39.278785046729,42.6266355140187,107
"Ciénaga","Magdalena",39.245348189415,39.1359052924791,359
"Vijes","Valle",39.2190909090909,42.917196969697,132
"Segovia","Antioquia",39.1811214953271,41.2340186915888,321
"San Luis","Antioquia",39.160663507109,41.986682464455,211
"San Fernando","Bolívar",39.1042268041237,39.4757731958763,97
"Talaigua Nuevo","Bolívar",39.09535,38.7585,200
"Ariguani (El Difícil)","Magdalena",39.08,38.63,52
"Mesetas","Meta",39.0626153846154,41.9355384615385,65
"Turbo","Antioquia",39.0612762762763,40.57496996997,1332
"Chalan","Sucre",39.05,38.13,39
"Barranco De Loba","Bolívar",39.0421428571429,38.5555494505495,182
"Palestina","Huila",39.0167605633803,41.7795070422535,142
"Puerto Parra","Santander",39.0014925373134,42.5997014925373,67
"Tarso","Antioquia",38.952,43.832,60
"Sitionuevo","Magdalena",38.9363087248322,39.3056375838926,149
"Betulia","Antioquia",38.9319883040936,40.6571929824561,171
"Magui (Payan)","Nariño",38.91,38.73,33
"Purisima","Cordoba",38.8854066985646,39.0401435406699,209
"Barbacoas","Nariño",38.8478651685393,38.9493820224719,178
"Utica","Cundinamarca",38.79,36.93,57
"Ituango","Antioquia",38.7819270833333,40.5978125,192
"Toribio","Cauca",38.7400448430493,39.3701793721973,223
"Hatillo De Loba","Bolívar",38.7219047619048,37.5930952380952,126
"Polonuevo","Atlántico",38.7205357142857,39.57125,112
"Guataqui","Cundinamarca",38.702,40.034,30
"Vegachi","Antioquia",38.68025,42.08045,200
"Taraza","Antioquia",38.6671124620061,40.7273252279635,329
"Villa Rica","Cauca",38.6414906832298,39.1158385093168,161
"San Benito Abad","Sucre",38.6342335766423,37.6992335766423,274
"Itsmina","Choco",38.6113333333333,39.6984848484848,495
"Remedios","Antioquia",38.574265129683,40.8078097982709,347
"Juan De Acosta","Atlántico",38.5413095238095,38.6796428571429,168
"Mahates","Bolívar",38.5207356321839,36.3211954022988,435
"Aracataca","Magdalena",38.4999230769231,38.786358974359,390
"Quibdó","Choco",38.4856284153005,39.1234699453552,366
"Majagual","Sucre",38.4748178137652,37.5304858299595,494
"Santa Lucia","Atlántico",38.4714457831325,34.8314457831325,83
"Argelia","Valle",38.4246575342466,43.0795890410959,73
"Pedraza","Magdalena",38.4026086956522,36.9439130434783,69
"Moñitos","Cordoba",38.3771757925072,38.2825360230548,347
"Salamina","Magdalena",38.3659541984733,38.8938167938931,131
"Uribía","La Guajira",38.36,37.12,42
"Peque","Antioquia",38.3538461538462,41.7552307692308,65
"Tumaco","Nariño",38.3508728448276,39.2902047413793,1856
"Zaragoza","Antioquia",38.3429064039409,39.7161083743842,203
"Sabanas De San Angel","Magdalena",38.3024444444444,39.604,90
"Arenal","Bolívar",38.2827826086957,36.25,115
"Piojo","Atlántico",38.2163636363636,38.1487272727273,55
"Tamalameque","Cesar",38.2102631578947,36.5723684210526,152
"Pinillos","Bolívar",38.1980912863071,37.3052282157676,241
"Cabuyaro","Meta",38.17,40.85,66
"Calamar","Bolívar",38.1617131474104,35.8123505976096,251
"Yacopi","Cundinamarca",38.1612574850299,38.6054491017964,167
"Cordoba","Bolívar",38.1332692307692,38.3790384615385,208
"Chivolo","Magdalena",38.1253608247423,39.3398969072165,194
"Tubara","Atlántico",38.123679245283,38.7471698113208,106
"Guavata","Santander",38.0844444444444,41.3022222222222,36
"Puerto Escondido","Cordoba",38.0656277056277,38.7630735930736,231
"Mutata","Antioquia",37.9684782608696,41.0478260869565,138
"Manaure","La Guajira",37.9616535433071,37.4507086614173,127
"El Peñon","Bolívar",37.9554411764706,35.1747058823529,68
"Cumbitara","Nariño",37.9236263736264,41.2851648351648,91
"Murindo","Antioquia",37.83,41.83,18
"Rafael Reyes (Apulo)","Cundinamarca",37.81,39.13,91
"Francisco Pizarro","Nariño",37.7875,34.7486538461538,52
"Necocli","Antioquia",37.6999103139013,38.8319058295964,446
"Montecristo","Bolívar",37.69,36.76,68
"Uribia","La Guajira",37.6850545454545,38.2968363636364,275
"Mosquera","Nariño",37.67,35.82,55
"El Tarra","Norte Santander",37.66,38.05,88
"Rio Viejo","Bolívar",37.6298529411765,37.9425,68
"Beltran","Cundinamarca",37.618085106383,36.6131914893617,47
"Zona Bananera","Magdalena",37.593768115942,37.68961352657,621
"La Tola","Nariño",37.57,35.37,51
"Mapiripan","Meta",37.55,39.68,31
"Luruaco","Atlántico",37.4959926470588,37.0377205882353,272
"Bojaya (Bellavista)","Choco",37.4858536585366,34.3170731707317,41
"Acandi","Choco",37.4,39.26,68
"Manati","Atlántico",37.3508235294118,36.3990588235294,170
"Repelon","Atlántico",37.3370656370656,36.3444015444015,259
"Coyaima","Tolima",37.2431884057971,36.2172101449275,276
"San Andres Sotavento","Cordoba",37.2335916542474,36.6858420268256,671
"Arroyohondo","Bolívar",37.2144444444444,37.0011111111111,99
"Union Panamericana","Choco",37.2,35.6,20
"Olaya Herrera","Nariño",37.1972222222222,35.9730555555556,108
"Santa Barbara (Iscuande)","Nariño",37.17,37.38,29
"El Reten","Magdalena",37.1091208791209,38.6021978021978,273
"El Molino","La Guajira",37.0796551724138,38.4348275862069,87
"Puerto Nariño","Amazonas",37.0460317460317,34.6533333333333,63
"Suarez","Cauca",37.0448538011696,37.4752046783626,171
"Concordia","Magdalena",37.0424096385542,37.8131927710843,166
"Distraccion","La Guajira",37.0361904761905,38.3219047619048,84
"Ponedera","Atlántico",37.034011627907,38.009011627907,172
"Unguia","Choco",36.9395588235294,39.8094117647059,68
"Tarapaca","Amazonas",36.92,39.21,24
"Nueva Granada","Magdalena",36.9032258064516,35.646935483871,62
"La Pedrera","Amazonas",36.9,34.12,41
"Buenos Aires","Cauca",36.8219858156028,36.7874468085106,282
"Caruru","Vaupés",36.81,42.05,21
"Belen De Los Andaquies","Caquetá",36.7315463917526,38.6903092783505,97
"Sipi","Choco",36.73,37.09,11
"Roberto Payan (San Jose)","Nariño",36.7253488372093,36.5579069767442,43
"Caicedo","Antioquia",36.702,42.3005,60
"Santa Rosa","Bolívar",36.663125,36.3504166666667,192
"El Piñon","Magdalena",36.6442051282051,35.7087692307692,195
"Riosucio","Choco",36.5769230769231,38.0654807692308,104
"Hatonuevo","La Guajira",36.5172077922078,37.0596103896104,154
"Bagado","Choco",36.499880952381,37.0853571428571,84
"Puebloviejo","Magdalena",36.48685,34.97625,200
"Remolino","Magdalena",36.35,34.13,62
"Coveñas","Sucre",36.3264705882353,37.2079411764706,306
"Tado","Choco",36.3123636363636,37.8294181818182,275
"Clemencia","Bolívar",36.2988079470199,35.5703973509934,151
"Belen De Bajira","Choco",36.28,38.38,29
"Campo De La Cruz","Atlántico",36.2264670658683,34.0606586826347,167
"Algarrobo","Magdalena",36.2059064327485,35.9749707602339,171
"Pueblo Rico","Risaralda",36.1481,39.7496,100
"Uramita","Antioquia",36.14,38.16,83
"Atrato (Yuto)","Choco",36.1340909090909,36.3638636363636,44
"Jordan","Santander",35.86,37.71,7
"La Chorrera","Amazonas",35.76,34.94,17
"Jurado","Choco",35.74,35.04,23
"Medio San Juan","Choco",35.67,38.33,12
"Novita","Choco",35.3840816326531,34.4944897959184,49
"Canton Del San Pablo","Choco",35.3222,40.1216,50
"Santa Barbara De Pinto","Magdalena",35.2955882352941,35.7341176470588,34
"Jambalo","Cauca",35.2152413793103,38.474275862069,145
"Soplaviento","Bolívar",35.0828571428571,36.2567346938775,98
"Candelaria","Atlántico",35.05,35,110
"Regidor","Bolívar",35.0432,35.62,50
"Guapi","Cauca",34.9561538461538,35.4156868131868,364
"Medio Atrato","Choco",34.75,35.75,12
"Yavarate","Vaupés",34.67,36.2,15
"Certegui","Choco",34.59,33.85,68
"Medio Baudo","Choco",34.067,33.9676666666667,30
"Cerro San Antonio","Magdalena",33.77,38.57,65
"Vigia Del Fuerte","Antioquia",33.5537647058824,35.2131764705882,85
"Lloro","Choco",33.42,35.75,52
"Timbiqui","Cauca",33.1034782608696,33.4627329192547,161
"Rio Iro","Choco",32.647,33.704,40
"Rio Quito","Choco",31.4271428571429,34.7532142857143,28
"Lopez (Micay)","Cauca",31.0423333333333,34.0622222222222,90
"Carmen Del Darien","Choco",30.92,31.21,24
"El Litoral Del San Juan","Choco",30.678,32.598,25
"Barranco Minas","Guainía",30.36,29.64,11
"Alto Baudo (Pie De Pato)","Choco",28.4455714285714,28.9431428571429,70
